Company Name,Ticker
KIM HENG OFFSHORE &amp; MARINE HOLDINGS LIMITED,KIMHENG OFFSHORE&MARINE HLDLTD (SGX:5G2)
KIMLY LIMITED,KIMLY LIMITED (SGX:1D0)
KING WAN CORPORATION LIMITED,KING WAN CORPORATION LIMITED (SGX:554)
ABUNDANCE INTERNATIONAL LIMITED,ABUNDANCE INTERNATIONAL LTD (SGX:541)
ACMA LTD.,ACMA LTD. (SGX:AYV)
ACROMEC LIMITED,ACROMEC LIMITED (SGX:43F)
CAPITALAND CHINA TRUST MANAGEMENT LIMITED,CHINA MINING INTERNATIONAL LTD (SGX:BHD)
KHONG GUAN LIMITED,KHONG GUAN LIMITED (SGX:K03)
KIM HENG LTD.,KIM HENG LTD. (SGX:5G2)
KINGSMEN CREATIVES LTD.,KINGSMEN CREATIVES LTD (SGX:5MZ)
KITCHEN CULTURE HOLDINGS LTD.,KITCHEN CULTURE HOLDINGS LTD. (SGX:5TI)
KODA LTD,KODA LTD (SGX:BJZ)
KOP LIMITED,KOP LIMITED (SGX:5I1)
KORI HOLDINGS LIMITED,KORI HOLDINGS LIMITED (SGX:5VC)
KOUFU GROUP LIMITED,KOUFU GROUP LIMITED (SGX:VL6)
KOYO INTERNATIONAL LIMITED,KOYO INTERNATIONAL LIMITED (SGX:5OC)
KS ENERGY LIMITED,KS ENERGY LIMITED (SGX:578)
LASSETERS INTERNATIONAL HOLDINGS LIMITED,LASSETERS INTL HOLDINGS LTD (SGX:5EL)
800 SUPER HOLDINGS LIMITED,800 SUPER HOLDINGS LIMITED (SGX:5TG)
A-SMART HOLDINGS LTD.,A-SMART HOLDINGS LTD. (SGX:BQC)
A-SONIC AEROSPACE LIMITED,A-SONIC AEROSPACE LIMITED (SGX:BTJ)
AA GROUP HOLDINGS LTD.,AA GROUP HOLDINGS LTD. (SGX:5GZ)
ACROMETA GROUP LIMITED,ACROMETA GROUP LIMITED (SGX:43F)
ADDVALUE TECHNOLOGIES LTD,ADDVALUE TECHNOLOGIES LTD (SGX:A31)
ADVANCED HOLDINGS LTD.,ADVANCED HOLDINGS LTD. (SGX:BLZ)
ADVANCED SYSTEMS AUTOMATION LIMITED,ADVANCED SYSTEMS AUTOMATION (SGX:5TY)
ADVANCER GLOBAL LIMITED,ADVANCER GLOBAL LIMITED (SGX:43Q)
AEI CORPORATION LTD.,AEI CORPORATION LTD (SGX:AWG)
AEM HOLDINGS LTD.,AEM HOLDINGS LTD (SGX:AWX)
AF GLOBAL LIMITED,AF GLOBAL LIMITED (SGX:L38)
AGV GROUP LIMITED,AGV GROUP LIMITED (SGX:1A4)
ALPHA DX GROUP LIMITED,ALPHA DX GROUP LTD (SGX:VVL)
ALPHA ENERGY HOLDINGS LIMITED,ALPHA ENERGY HOLDINGS LIMITED (SGX:5TS)
ALSET INTERNATIONAL LIMITED,ALSET INTERNATIONAL LIMITED (SGX:40V)
AMOS GROUP LIMITED,AMOS GROUP LIMITED (SGX:RF7)
AMPLEFIELD LIMITED,AMPLEFIELD LIMITED (SGX:AOF)
ANAN INTERNATIONAL LIMITED,ANAN INTERNATIONAL LIMITED (SGX:Y35)
ANCHOR RESOURCES LIMITED,ANCHOR RESOURCES LIMITED (SGX:43E)
ANNAIK LIMITED,ANNAIK LIMITED (SGX:A52)
AOXIN Q &amp; M DENTAL GRP LIMITED,AOXIN Q & M DENTAL GRP LIMITED (SGX:1D4)
ARA LOGOS LOGISTICS TRUST MANAGEMENT LIMITED,ARA LOGOS LOGISTICS TRUST (SGX:K2LU)
ARA TRUST MANAGEMENT,ARA US HOSPITALITY TRUST (SGX:XZL)
ARION ENTERTAINMENT SINGAPORE LIMITED,ARION ENTERTAINMENT SING LTD (SGX:5VU)
ASCENDAS FUNDS MANAGEMENT,CAPITALAND ASCENDAS REIT (SGX:A17U)
ASCOTT RESIDENCE TRUST MANAGEMENT LIMITED,CAPITALAND ASCOTT TRUST (SGX:HMN)
ASIA ENTERPRISES HOLDING LIMITED,ASIA ENTERPRISES HOLDING LTD (SGX:A55)
ASIA VETS HOLDINGS LTD.,ASIA VETS HOLDINGS LTD. (SGX:5RE)
ASIA-PACIFIC STRATEGIC INVESTMENTS LIMITED,ASIA-PACIFIC STRATEGIC INV LTD (SGX:5RA)
ASIAMEDIC LIMITED,ASIAMEDIC LIMITED (SGX:505)
ASIAN MICRO HOLDINGS LIMITED,ASIAN MICRO HOLDINGS LTD (SGX:585)
ASIAPHOS LIMITED,ASIAPHOS LIMITED (SGX:5WV)
ASIATIC GROUP,ASIATIC GROUP (HOLDINGS) LTD (SGX:5CR)
ASL MARINE HOLDINGS LTD.,ASL MARINE HOLDINGS LTD (SGX:A04)
ASPEN,ASPEN (GROUP) HOLDINGS LIMITED (SGX:1F3)
ASPIAL CORPORATION LIMITED,ASPIAL CORPORATION LIMITED (SGX:A30)
ASTI HOLDINGS LIMITED,ASTI HOLDINGS LIMITED (SGX:575)
ATLANTIC NAVIGATION HOLDINGS,ATLANTIC NAVIGATION HLDG(S)LTD (SGX:5UL)
ATTILAN GROUP LIMITED,ATTILAN GROUP LIMITED (SGX:5ET)
AVARGA LIMITED,AVARGA LIMITED (SGX:U09)
AVI-TECH ELECTRONICS LIMITED,AVI-TECH HOLDINGS LIMITED (SGX:1R6)
AZEUS SYSTEMS HOLDINGS LTD.,AZEUS SYSTEMS HOLDINGS LTD. (SGX:BBW)
AZTECH GLOBAL LTD.,AZTECH GLOBAL LTD. (SGX:8AZ)
BANYAN TREE HOLDINGS LIMITED,BANYAN TREE HOLDINGS LIMITED (SGX:B58)
BBR HOLDINGS,BBR HOLDINGS (S) LTD (SGX:KJ5)
BENG KUANG MARINE LIMITED,BENG KUANG MARINE LIMITED (SGX:BEZ)
BEST WORLD INTERNATIONAL LIMITED,BEST WORLD INTERNATIONAL LTD (SGX:CGN)
BIOLIDICS LIMITED,BIOLIDICS LIMITED (SGX:8YY)
BLACKGOLD NATURAL RESOURCES LIMITED,BLACKGOLD NATURAL RESOURCESLTD (SGX:41H)
BLUMONT GROUP LTD.,BLUMONT GROUP LTD. (SGX:A33)
BOARDROOM LIMITED,BOARDROOM LIMITED (SGX:B10)
BOLDTEK HOLDINGS LIMITED,BOLDTEK HOLDINGS LIMITED (SGX:5VI)
BONVESTS HOLDINGS LIMITED,BONVESTS HOLDINGS LTD (SGX:B28)
BOUSTEAD PROJECTS LIMITED,BOUSTEAD PROJECTS LIMITED (SGX:AVM)
BREADTALK GROUP LIMITED,BREADTALK GROUP LIMITED (SGX:CTN)
BROADWAY INDUSTRIAL GROUP LIMITED,BROADWAY INDUSTRIAL GROUP LTD (SGX:B69)
BROOK CROMPTON HOLDINGS LTD.,BROOK CROMPTON HOLDINGS LTD. (SGX:AWC)
BUMITAMA AGRI LTD.,BUMITAMA AGRI LTD. (SGX:P8Z)
BUND CENTER INVESTMENT LTD,BUND CENTER INVESTMENT LTD (SGX:BTE)
CAMSING HEALTHCARE LIMITED,CAMSING HEALTHCARE LIMITED (SGX:BAC)
CAPALLIANZ HOLDINGS LIMITED,CAPALLIANZ HOLDINGS LIMITED (SGX:594)
CAPITAL WORLD LIMITED.,CAPITAL WORLD LIMITED. (SGX:1D5)
CAPITALAND LIMITED,CAPITALAND LIMITED (SGX:C31)
CASA HOLDINGS LIMITED,CASA HOLDINGS LIMITED (SGX:C04)
CDW HOLDING LIMITED,CDW HOLDING LIMITED (SGX:BXE)
CFM HOLDINGS LIMITED,CFM HOLDINGS LIMITED (SGX:5EB)
CHARISMA ENERGY SERVICES LIMITED,CHARISMA ENERGY SERVICES LTD (SGX:5QT)
CHASEN HOLDINGS LIMITED,CHASEN HOLDINGS LIMITED (SGX:5NV)
CHASWOOD RESOURCES HOLDINGS LTD.,CHASWOOD RESOURCES HLDGS LTD. (SGX:5TW)
CHEMICAL INDUSTRIES,CHEMICAL INDUSTRIES (F.E.) LTD (SGX:C05)
CHEUNG WOH TECHNOLOGIES LTD,CHEUNG WOH TECHNOLOGIES LTD (SGX:C50)
CHINA EVERBRIGHT WATER LIMITED,CHINA EVERBRIGHT WATER LIMITED (SGX:U9E)
CHINA HAIDA LTD.,CHINA HAIDA LTD. (SGX:C92)
CHINA INTERNATIONAL HOLDINGS LIMITED,CHINA INTERNATIONAL HLDGS LTD (SGX:BEH)
CHINA JISHAN HOLDINGS LIMITED,CHINA JISHAN HOLDINGS LIMITED (SGX:J18)
CHINA KUNDA TECHNOLOGY HOLDINGS LIMITED,CHINA KUNDA TECH HOLDINGS LTD (SGX:GU5)
CHINA OIL AND GAS GROUP LIMITED,GOLDEN ENERGY AND RESOURCESLTD (SGX:AUE)
CHINA REAL ESTATE GRP LTD.,CHINA REAL ESTATE GRP LTD. (SGX:5RA)
CHINA STAR FOOD GROUP LIMITED,CHINA STAR FOOD GROUP LIMITED (SGX:42W)
CHINA SUNSINE CHEMICAL HOLDINGS LTD.,CHINA SUNSINE CHEM HLDGS LTD (SGX:QES)
CHINESE GLOBAL INVESTORS GROUP LTD.,CHINESE GLOBAL INVESTORS GRP (SGX:5CJ)
CHIP ENG SENG CORPORATION LTD.,CHIP ENG SENG CORPORATION LTD (SGX:C29)
CHUAN HUP HOLDINGS LIMITED,CHUAN HUP HOLDINGS LIMITED (SGX:C33)
CITIC ENVIROTECH LTD.,CITIC ENVIROTECH LTD. (SGX:CEE)
CITY DEVELOPMENTS LIMITED,CITY DEVELOPMENTS LIMITED (SGX:C09)
CITYNEON HOLDINGS LIMITED,CITYNEON HOLDINGS LIMITED (SGX:5HJ)
CIVMEC LIMITED,CIVMEC LIMITED (SGX:P9D)
COLEX HOLDINGS LIMITED,COLEX HOLDINGS LIMITED (SGX:567)
COMBINE WILL INTL HLDGS LTD,COMBINE WILL INTL HLDGS LTD (SGX:N0Z)
COMFORTDELGRO CORPORATION LIMITED,COMFORTDELGRO CORPORATION LTD (SGX:C52)
COMPACT METAL INDUSTRIES LTD,COMPACT METAL INDUSTRIES LTD (SGX:T4E)
CORDLIFE GROUP LIMITED,CORDLIFE GROUP LIMITED (SGX:P8A)
CPH LTD.,CPH LTD (SGX:539)
CREATIVE TECHNOLOGY LTD.,CREATIVE TECHNOLOGY LTD (SGX:C76)
CROMWELL EREIT MANAGEMENT PTE. LTD.,CROMWELL EUROPEAN REIT (SGX:CNNU)
CSC HOLDINGS LIMITED,CSC HOLDINGS LTD (SGX:C06)
CSE GLOBAL LIMITED,CSE GLOBAL LTD (SGX:544)
CWX GLOBAL LIMITED,CWX GLOBAL LIMITED (SGX:594)
DATAPULSE TECHNOLOGY LIMITED,DATAPULSE TECHNOLOGY LIMITED (SGX:BKW)
DBS GROUP HOLDINGS LTD,DBS GROUP HOLDINGS LTD (SGX:D05)
DEBAO PROPERTY DEVELOPMENT LTD.,DEBAO PROPERTY DEVELOPMENT LTD (SGX:BTF)
DECLOUT LIMITED,DECLOUT LIMITED (SGX:5UZ)
DEL MONTE PACIFIC LIMITED,DEL MONTE PACIFIC LIMITED (SGX:D03)
DELFI LIMITED,DELFI LIMITED (SGX:P34)
DELONG HOLDINGS LIMITED,DELONG HOLDINGS LIMITED (SGX:BQO)
DESIGN STUDIO GROUP LTD.,DESIGN STUDIO GROUP LTD. (SGX:D11)
DUKANG DISTILLERS HLDGS LTD,DUKANG DISTILLERS HLDGS LTD (SGX:BKV)
DUTECH HOLDINGS LIMITED,DUTECH HOLDINGS LIMITED (SGX:CZ4)
DUTY FREE INTERNATIONAL LIMITED,DUTY FREE INTERNATIONALLIMITED (SGX:5SO)
DYNA-MAC HOLDINGS LTD.,DYNA-MAC HOLDINGS LTD. (SGX:NO4)
DYNAMIC COLOURS LIMITED,DYNAMIC COLOURS LIMITED (SGX:D6U)
ECOWISE HOLDINGS LIMITED,ECOWISE HOLDINGS LIMITED (SGX:5CT)
EINDEC CORPORATION LIMITED,EINDEC CORPORATION LIMITED (SGX:42Z)
ELLIPSIZ LTD,ELLIPSIZ LTD (SGX:BIX)
ENECO ENERGY LIMITED,ENECO ENERGY LIMITED (SGX:R14)
ENGRO CORPORATION LIMITED,ENGRO CORPORATION LIMITED (SGX:S44)
ENVICTUS INTERNATIONAL HOLDINGS LIMITED,ENVICTUS INTERNATIONAL HLDGLTD (SGX:BQD)
ENVIRO-HUB HOLDINGS LTD.,ENVIRO-HUB HOLDINGS LTD (SGX:L23)
EPICENTRE HOLDINGS LIMITED,EPICENTRE HOLDINGS LIMITED (SGX:5MQ)
ES GROUP,ES GROUP (HOLDINGS) LIMITED (SGX:5RC)
EXCELPOINT TECHNOLOGY LTD.,EXCELPOINT TECHNOLOGY LTD (SGX:BDF)
EZION HOLDINGS LIMITED,EZION HOLDINGS LIMITED (SGX:5ME)
F J BENJAMIN HOLDINGS LTD,F J BENJAMIN HOLDINGS LTD (SGX:F10)
FAR EAST GROUP LIMITED,FAR EAST GROUP LIMITED (SGX:5TJ)
FAR EAST ORCHARD LIMITED,FAR EAST ORCHARD LIMITED (SGX:O10)
FEDERAL INTERNATIONAL,FEDERAL INT(2000) LTD (SGX:BDU)
FIGTREE HOLDINGS LIMITED,FIGTREE HOLDINGS LIMITED (SGX:5F4)
FIRST RESOURCES LIMITED,FIRST RESOURCES LIMITED (SGX:EB5)
FOOD EMPIRE HOLDINGS LIMITED,FOOD EMPIRE HOLDINGS LIMITED (SGX:F03)
FORISE INTERNATIONAL LIMITED,FORISE INTERNATIONAL LIMITED (SGX:I5H)
FRASER AND NEAVE LIMITED.,"FRASER AND NEAVE, LIMITED (SGX:F99)"
FU YU CORPORATION LIMITED,FU YU CORPORATION LTD (SGX:F13)
FUJI OFFSET PLATES MANUFACTURING LTD,FUJI OFFSET PLATES MFG LTD (SGX:508)
FUXING CHINA GROUP LIMITED,FUXING CHINA GROUP LIMITED (SGX:AWK)
G. K. GOH HOLDINGS LIMITED,G. K. GOH HOLDINGS LIMITED (SGX:G41)
GCCP RESOURCES LIMITED,GCCP RESOURCES LIMITED (SGX:41T)
GENTING SINGAPORE LIMITED,GENTING SINGAPORE LIMITED (SGX:G13)
GENTING SINGAPORE PLC,GENTING SINGAPORE LIMITED (SGX:G13)
GEO ENERGY RESOURCES LIMITED,GEO ENERGY RESOURCES LIMITED (SGX:RE4)
GKE CORPORATION LIMITED,GKE CORPORATION LIMITED (SGX:595)
GLOBAL DRAGON LIMITED,GLOBAL DRAGON LIMITED (SGX:586)
GLOBAL INVACOM GROUP LIMITED,GLOBAL INVACOM GROUP LIMITED (SGX:QS9)
GLOBAL TESTING CORPORATION LIMITED,GLOBAL TESTING CORPORATION LTD (SGX:AYN)
GOLDEN AGRI-RESOURCES LTD,GOLDEN AGRI-RESOURCES LTD (SGX:E5H)
GOLDEN ENERGY AND RESOURCES LIMITED,GOLDEN ENERGY AND RESOURCESLTD (SGX:AUE)
GOODLAND GROUP LIMITED,GOODLAND GROUP LIMITED (SGX:5PC)
GP INDUSTRIES LIMITED,GP INDUSTRIES LIMITED (SGX:G20)
GREAT EASTERN HOLDINGS LIMITED,GREAT EASTERN HLDGS LTD (SGX:G07)
GREEN BUILD TECHNOLOGY LIMITED,GREEN BUILD TECHNOLOGY LIMITED (SGX:Y06)
GYP PROPERTIES LIMITED,GYP PROPERTIES LIMITED (SGX:AWS)
HAI LECK HOLDINGS LIMITED,HAI LECK HOLDINGS LIMITED (SGX:BLH)
HALCYON AGRI CORPORATION LIMITED,HALCYON AGRI CORPORATION LTD (SGX:5VJ)
HANWELL HOLDINGS LIMITED,HANWELL HOLDINGS LIMITED (SGX:DM0)
HAW PAR CORPORATION LIMITED,HAW PAR CORP LTD (SGX:H02)
HC SURGICAL SPECIALISTS LIMITED,HC SURGICAL SPECIALISTSLIMITED (SGX:1B1)
HEALTHBANK HOLDINGS LIMITED,HEALTHBANK HOLDINGS LIMITED (SGX:40B)
HEALTHWAY MEDICAL CORPORATION LIMITED,HEALTHWAY MEDICAL CORP LTD (SGX:5NG)
HEATEC JIETONG HOLDINGS LTD.,HEATEC JIETONG HOLDINGS LTD. (SGX:5OR)
HEETON HOLDINGS LIMITED,HEETON HOLDINGS LIMITED (SGX:5DP)
HGH HOLDINGS LTD.,HGH HOLDINGS LTD. (SGX:5GZ)
HIAP HOE LIMITED,HIAP HOE LIMITED (SGX:5JK)
HIAP SENG ENGINEERING LTD,HIAP SENG ENGINEERING LTD (SGX:510)
HIAP TONG CORPORATION LTD.,HIAP TONG CORPORATION LTD. (SGX:5PO)
HOCK LIAN SENG HOLDINGS LIMITED,HOCK LIAN SENG HOLDINGS LTD (SGX:J2T)
HOE LEONG CORPORATION LTD.,HOE LEONG CORPORATION LTD. (SGX:H20)
HONG LAI HUAT GROUP LIMITED,HONG LAI HUAT GROUP LIMITED (SGX:CTO)
HONG LEONG ASIA LTD.,HONG LEONG ASIA LTD. (SGX:H22)
HOR KEW CORPORATION LIMITED,HOR KEW CORPORATION LIMITED (SGX:BBP)
HOSEN GROUP LTD.,HOSEN GROUP LTD (SGX:5EV)
HOTEL GRAND CENTRAL LIMITED,HOTEL GRAND CENTRAL LTD (SGX:H18)
HOTEL PROPERTIES LIMITED,HOTEL PROPERTIES LTD (SGX:H15)
HOTEL ROYAL LIMITED,HOTEL ROYAL LTD (SGX:H12)
HOTUNG INVESTMENT HLDGS LTD,HOTUNG INVESTMENT HLDGS LTD (SGX:BLS)
HUAN HSIN HOLDINGS LTD,HUAN HSIN HOLDINGS LTD (SGX:H16)
HUATIONG GLOBAL LIMITED,HUATIONG GLOBAL LIMITED (SGX:41B)
HWA HONG CORPORATION LIMITED,HWA HONG CORPORATION LIMITED (SGX:H19)
HYFLUX LTD,HYFLUX LTD (SGX:600)
HYPHENS PHARMA INTERNATIONAL LIMITED,HYPHENS PHARMA INTL LIMITED (SGX:1J5)
IEV HOLDINGS LIMITED,IEV HOLDINGS LIMITED (SGX:5TN)
IMPERIUM CROWN LIMITED,IMPERIUM CROWN LIMITED (SGX:5HT)
INCREDIBLE HOLDINGS LTD.,INCREDIBLE HOLDINGS LTD. (SGX:RDR)
INDOFOOD AGRI RESOURCES LTD.,INDOFOOD AGRI RESOURCES LTD. (SGX:5JS)
INTERRA RESOURCES LIMITED,INTERRA RESOURCES LIMITED (SGX:5GI)
IPC CORPORATION LTD,IPC CORPORATION LIMITED (SGX:AZA)
ISDN HOLDINGS LIMITED,ISDN HOLDINGS LIMITED (SGX:I07)
ISEC HEALTHCARE LTD.,ISEC HEALTHCARE LTD. (SGX:40T)
ISETAN,ISETAN (SINGAPORE) LTD (SGX:I15)
ISOTEAM LTD.,ISOTEAM LTD. (SGX:5WF)
IX BIOPHARMA LTD.,IX BIOPHARMA LTD. (SGX:42C)
JACKSPEED CORPORATION LIMITED,JACKSPEED CORPORATION LIMITED (SGX:J17)
JADASON ENTERPRISES LTD,JADASON ENTERPRISES LTD (SGX:J03)
JAPFA LTD.,JAPFA LTD. (SGX:UD2)
JARDINE CYCLE &amp; CARRIAGE LIMITED,JARDINE CYCLE & CARRIAGE LTD (SGX:C07)
JASPER INVESTMENTS LIMITED,JASPER INVESTMENTS LIMITED (SGX:FQ7)
JAWALA INC.,JAWALA INC. (SGX:1J7)
JCG INVESTMENT HOLDINGS LTD.,JCG INVESTMENT HOLDINGS LTD. (SGX:VFP)
JEP HOLDINGS LTD.,JEP HOLDINGS LTD. (SGX:1J4)
JIUTIAN CHEMICAL GROUP LIMITED,JIUTIAN CHEMICAL GROUP LIMITED (SGX:C8R)
KARIN TECHNOLOGY HLDGS LIMITED,KARIN TECHNOLOGY HLDGS LIMITED (SGX:K29)
KATRINA GROUP LTD.,KATRINA GROUP LTD. (SGX:1A0)
KBS US PRIME PROPERTY MANAGEMENT PTE. LTD.,PRIME US REIT (SGX:OXMU)
KENCANA AGRI LIMITED,KENCANA AGRI LIMITED (SGX:BNE)
KEONG HONG HOLDINGS LIMITED,KEONG HONG HOLDINGS LIMITED (SGX:5TT)
KEPPEL CORPORATION LIMITED,KEPPEL CORPORATION LIMITED (SGX:BN4)
LCT HOLDINGS LIMITED,LCT HOLDINGS LIMITED (SGX:BJL)
LEADER ENVIRONMENTAL TECHNOLOGIES LIMITED,LEADER ENVIRONMENTAL TECH LTD (SGX:LS9)
LERENO BIO-CHEM LTD.,LERENO BIO-CHEM LTD. (SGX:42H)
LHN LIMITED,LHN LIMITED (SGX:41O)
LIAN BENG GROUP LTD,LIAN BENG GROUP LTD (SGX:L03)
LIBRA GROUP LIMITED,LIBRA GROUP LIMITED (SGX:5TR)
LIFEBRANDZ LTD.,LIFEBRANDZ LTD. (SGX:L20)
LION ASIAPAC LIMITED,LION ASIAPAC LTD (SGX:BAZ)
LOW KENG HUAT,LOW KENG HUAT (SINGAPORE) LTD (SGX:F1E)
LUXKING GROUP HOLDINGS LIMITED,LUXKING GROUP HOLDINGS LIMITED (SGX:BKK)
LY CORPORATION LIMITED,LY CORPORATION LIMITED (SGX:1H8)
M DEVELOPMENT LTD.,M DEVELOPMENT LTD. (SGX:N14)
MANHATTAN RESOURCES LIMITED,MANHATTAN RESOURCES LIMITED (SGX:L02)
MANUFACTURING INTEGRATION TECHNOLOGY LTD.,MFG INTEGRATION TECHNOLOGY LTD (SGX:M11)
MARCO POLO MARINE LTD.,MARCO POLO MARINE LTD. (SGX:5LY)
MAXI-CASH FINANCIAL SERVICES CORPORATION LTD.,MAXI-CASH FIN SVCS CORP LTD (SGX:5UF)
MEDI LIFESTYLE LIMITED,MEDI LIFESTYLE LIMITED (SGX:5TN)
MEDTECS INTERNATIONAL CORP LTD,MEDTECS INTERNATIONAL CORP LTD (SGX:546)
MEGHMANI ORGANICS LIMITED,MEGHMANI ORGANICS LIMITED (SGX:M30)
MEGROUP LTD.,MEGROUP LTD. (SGX:SJY)
MEMORIES GROUP LIMITED,MEMORIES GROUP LIMITED (SGX:1H4)
MEMTECH INTERNATIONAL LTD.,MEMTECH INTERNATIONAL LTD (SGX:BOL)
MENCAST HOLDINGS LTD.,MENCAST HOLDINGS LTD. (SGX:5NF)
MERCURIUS CAP INVESTMENT LTD,MERCURIUS CAP INVESTMENT LTD (SGX:5RF)
METAL COMPONENT ENGINEERING LIMITED,METAL COMPONENT ENGG LTD (SGX:5DX)
METECH INTERNATIONAL LIMITED,METECH INTERNATIONAL LTD (SGX:V3M)
METRO HOLDINGS LTD,METRO HOLDINGS LIMITED (SGX:M01)
MEWAH INTERNATIONAL INC.,MEWAH INTERNATIONAL INC. (SGX:MV4)
MIDAS HOLDINGS LIMITED,MIDAS HLDGS LIMITED (SGX:5EN)
MINDCHAMPS PRESCHOOL LIMITED ,MINDCHAMPS PRESCHOOL LIMITED (SGX:CNE)
MIRACH ENERGY LIMITED,MIRACH ENERGY LIMITED (SGX:AWO)
MIYOSHI LIMITED,MIYOSHI LIMITED (SGX:M03)
MM2 ASIA LTD.,MM2 ASIA LTD. (SGX:1B0)
MMP RESOURCES LIMITED,MMP RESOURCES LIMITED (SGX:F3V)
MONEYMAX FINANCIAL SERVICES LTD.,MONEYMAX FINANCIAL SERVICESLTD (SGX:5WJ)
MOYA HOLDINGS ASIA LIMITED,MOYA HOLDINGS ASIA LIMITED (SGX:5WE)
MS HOLDINGS LIMITED,MS HOLDINGS LIMITED (SGX:40U)
MUN SIONG ENGINEERING LIMITED,MUN SIONG ENGINEERING LIMITED (SGX:MF6)
MYP LTD.,MYP LTD. (SGX:F86)
NAM CHEONG LIMITED,NAM CHEONG LIMITED (SGX:N4E)
NAM LEE PRESSED METAL INDUSTRIES LIMITED,NAM LEE PRESSED METAL INDS LTD (SGX:G0I)
NATURAL COOL HOLDINGS LIMITED,NATURAL COOL HOLDINGS LIMITED (SGX:5IF)
NAUTICAWT LIMITED,NAUTICAWT LIMITED (SGX:42D)
NEW SILKROUTES GROUP LIMITED,NEW SILKROUTES GROUP LIMITED (SGX:BMT)
NEW TOYO INTERNATIONAL HOLDINGS LTD,NEW TOYO INT HLDGS LTD (SGX:N08)
NEW WAVE HOLDINGS LTD.,NEW WAVE HOLDINGS LTD. (SGX:5FX)
NGSC LIMITED,NGSC LIMITED (SGX:B07)
NICO STEEL HOLDINGS LIMITED,NICO STEEL HOLDINGS LIMITED (SGX:5GF)
NIPPECRAFT LIMITED,NIPPECRAFT LIMITED (SGX:N32)
NO SIGNBOARD HOLDINGS LTD,NO SIGNBOARD HOLDINGS LTD. (SGX:1G6)
NOBLE GROUP LIMITED,NOBLE GROUP LIMITED (SGX:CGP)
NOEL GIFTS INTERNATIONAL LTD.,NOEL GIFTS INTERNATIONAL LTD (SGX:543)
NORDIC GROUP LIMITED,NORDIC GROUP LIMITED (SGX:MR7)
NSL LTD.,NSL LTD. (SGX:N02)
NUTRYFARM INTERNATIONAL LIMITED,NUTRYFARM INTERNATIONAL LTD (SGX:AZT)
OCEAN SKY INTERNATIONAL LIMITED,OCEAN SKY INTERNATIONAL LTD (SGX:1B6)
OCEANUS GROUP LIMITED,OCEANUS GROUP LIMITED (SGX:579)
OEL,OEL (HOLDINGS) LIMITED (SGX:584)
OKH GLOBAL LTD.,OKH GLOBAL LTD. (SGX:S3N)
OLD CHANG KEE LTD.,OLD CHANG KEE LTD. (SGX:5ML)
OLIVE TREE ESTATES LIMITED,OLIVE TREE ESTATES LIMITED (SGX:1H2)
ONEAPEX LIMITED,ONEAPEX LIMITED (SGX:5SY)
OSSIA INTERNATIONAL LIMITED,OSSIA INTERNATIONAL LTD (SGX:O08)
OUE LIPPO HEALTHCARE LIMITED,OUE LIPPO HEALTHCARE LTD (SGX:5WA)
OUHUA ENERGY HOLDINGS LIMITED,OUHUA ENERGY HOLDINGS LIMITED (SGX:AJ2)
OVERSEA-CHINESE BANKING CORPORATION LIMITED,OVERSEA-CHINESE BANKING CORP (SGX:O39)
OVERSEAS EDUCATION LIMITED,OVERSEAS EDUCATION LIMITED (SGX:RQ1)
OXLEY HOLDINGS LIMITED,OXLEY HOLDINGS LIMITED (SGX:5UX)
PACIFIC STAR DEVELOPMENT LIMITED,PACIFIC STAR DEVELOPMENT LTD (SGX:1C5)
PAN ASIAN HOLDINGS LIMITED,PAN ASIAN HOLDINGS LIMITED (SGX:5EW)
PARKSON RETAIL ASIA LIMITED,PARKSON RETAIL ASIA LIMITED (SGX:O9E)
PAVILLON HOLDINGS LTD.,PAVILLON HOLDINGS LTD. (SGX:596)
PEC LTD.,PEC LTD. (SGX:IX2)
PENGUIN INTERNATIONAL LIMITED,PENGUIN INTERNATIONAL LIMITED (SGX:BTM)
PERENNIAL REAL ESTATE HOLDINGS LIMITED,PERENNIAL REAL ESTATE HLDGSLTD (SGX:40S)
PNE INDUSTRIES LTD,PNE INDUSTRIES LTD (SGX:BDA)
POLARIS LTD.,POLARIS LTD. (SGX:5BI)
POLLUX PROPERTIES LTD.,POLLUX PROPERTIES LTD. (SGX:5AE)
POWERMATIC DATA SYSTEMS LIMITED,POWERMATIC DATA SYSTEMS LTD (SGX:BCY)
PROCURRI CORPORATION LIMITED,PROCURRI CORPORATION LIMITED (SGX:BVQ)
PROGEN HOLDINGS LTD,PROGEN HOLDINGS LTD (SGX:583)
PROPNEX LIMITED,PROPNEX LIMITED (SGX:OYY)
PRUDENTIAL PLC,PRUDENTIAL PLC (SGX:K6S)
Q &amp; M DENTAL GROUP,Q & M DENTAL GROUP (S) LIMITED (SGX:QC7)
QT VASCULAR LTD.,QT VASCULAR LTD. (SGX:5I0)
RAFFLES EDUCATION CORPORATION LIMITED,RAFFLES EDUCATION CORP LTD (SGX:NR7)
RAFFLES MEDICAL GROUP LTD,RAFFLES MEDICAL GROUP LTD (SGX:BSL)
RAMBA ENERGY LIMITED,RAMBA ENERGY LIMITED (SGX:R14)
REGAL INTERNATIONAL GROUP LTD.,REGAL INTERNATIONAL GROUP LTD. (SGX:UV1)
RESOURCES PRIMA GROUP LIMITED,RESOURCES PRIMA GROUP LIMITED (SGX:5MM)
REVEZ CORPORATION LTD.,REVEZ CORPORATION LTD. (SGX:RCU)
RH PETROGAS LIMITED,RH PETROGAS LIMITED (SGX:T13)
RICH CAPITAL HOLDINGS LIMITED,RICH CAPITAL HOLDINGS LIMITED (SGX:5G4)
RIVERSTONE HOLDINGS LIMITED,RIVERSTONE HOLDINGS LIMITED (SGX:AP4)
SAKAE HOLDINGS LTD.,SAKAE HOLDINGS LTD. (SGX:5DO)
SAMKO TIMBER LIMITED,SAMKO TIMBER LIMITED (SGX:E6R)
SAMURAI 2K AEROSOL LIMITED,SAMURAI 2K AEROSOL LTD (SGX:Y8E)
SAN TEH LTD,SAN TEH LIMITED (SGX:S46)
SANLI ENVIRONMENTAL LIMITED,SANLI ENVIRONMENTAL LIMITED (SGX:1E3)
SECOND CHANCE PROPERTIES LTD,SECOND CHANCE PROPERTIES LTD (SGX:528)
SEMBCORP MARINE LTD,SEMBCORP MARINE LTD (SGX:S51)
SEN YUE HOLDINGS LIMITED,SEN YUE HOLDINGS LIMITED (SGX:5BS)
SERIAL SYSTEM LTD,SERIAL SYSTEM LTD (SGX:S69)
SEROJA INVESTMENTS LIMITED,SEROJA INVESTMENTS LIMITED (SGX:IW5)
SERRANO LIMITED,SERRANO LIMITED (SGX:40R)
SEVAK LIMITED,SEVAK LIMITED (SGX:BAI)
SHANGHAI TURBO ENTERPRISES LTD,SHANGHAI TURBO ENTERPRISES LTD (SGX:AWM)
SHANGRI-LA ASIA LIMITED,SHANGRI-LA ASIA LIMITED (SGX:S07)
SHEN YAO HOLDINGS LIMITED,SHEN YAO HOLDINGS LIMITED (SGX:A78)
SHENG SIONG GROUP LTD.,SHENG SIONG GROUP LTD (SGX:OV8)
SHINVEST HOLDING LTD.,SHINVEST HOLDING LTD. (SGX:BJW)
SHOPPER360 LIMITED,SHOPPER360 LIMITED (SGX:1F0)
SIA ENGINEERING COMPANY LIMITED,SIA ENGINEERING CO LTD (SGX:S59)
SIIC ENVIRONMENT HOLDINGS LTD.,SIIC ENVIRONMENT HOLDINGS LTD. (SGX:BHK)
SILKROAD NICKEL LTD.,SILKROAD NICKEL LTD. (SGX:STP)
SIM LEISURE GROUP LTD.,SIM LEISURE GROUP LTD. (SGX:URR)
SIN GHEE HUAT CORPORATION LTD.,SIN GHEE HUAT CORPORATION LTD. (SGX:B7K)
SIN HENG HEAVY MACHINERY LIMITED,SIN HENG HEAVY MACHINERY LTD (SGX:BKA)
SINARMAS LAND LIMITED,SINARMAS LAND LIMITED (SGX:A26)
SINCAP GROUP LIMITED,SINCAP GROUP LIMITED (SGX:5UN)
SINGAPORE AIRLINES LIMITED,SINGAPORE AIRLINES LTD (SGX:C6L)
SINGAPORE EDEVELOPMENT LIMITED,SINGAPORE EDEVELOPMENT LTD (SGX:40V)
SINGAPORE KITCHEN EQUIPMENT LIMITED,SINGAPORE KITCHEN EQUIPMENTLTD (SGX:5WG)
SINGAPORE LAND GROUP LIMITED,SINGAPORE LAND GROUP LTD (SGX:U06)
SINGAPORE MEDICAL GROUP LIMITED,SINGAPORE MEDICAL GROUP LTD (SGX:5OT)
SINGAPORE MYANMAR INVESTCO LIMITED,SINGAPORE MYANMAR INVESTCO LTD (SGX:Y45)
SINGAPORE POST LIMITED,SINGAPORE POST LIMITED (SGX:S08)
SINGAPORE SHIPPING CORPORATION LIMITED,SINGAPORE SHIPPING CORP LTD (SGX:S19)
SINGAPORE TECHNOLOGIES ENGINEERING LTD,SINGAPORE TECH ENGINEERING LTD (SGX:S63)
SINGAPORE TELECOMMUNICATIONS LIMITED,SINGTEL (SGX:Z74)
SINJIA LAND LIMITED,SINJIA LAND LIMITED (SGX:5HH)
SINO GRANDNESS FOOD INDUSTRY GROUP LIMITED,SINO GRANDNESS FOOD IND GP LTD (SGX:T4B)
SINOCLOUD GROUP LIMITED,SINOCLOUD GROUP LIMITED (SGX:5EK)
SINWA LIMITED,SINWA LIMITED (SGX:5CN)
SITRA HOLDINGS,SITRA HOLDINGS (INTL) LIMITED (SGX:5LE)
SK JEWELLERY GROUP LIMITED,SK JEWELLERY GROUP LIMITED (SGX:42G)
SLB DEVELOPMENT LTD.,SLB DEVELOPMENT LTD. (SGX:1J0)
SMI VANTAGE LIMITED,SMI VANTAGE LIMITED (SGX:Y45)
SMJ INTERNATIONAL HOLDINGS LTD.,SMJ INTERNATIONAL HOLDINGSLTD. (SGX:40B)
SOILBUILD CONSTRUCTION GROUP LTD.,SOILBUILD CONSTRUCTION GRP LTD (SGX:S7P)
SOON LIAN HOLDINGS LIMITED,SOON LIAN HOLDINGS LIMITED (SGX:5MD)
SOUP RESTAURANT GROUP LIMITED,SOUP RESTAURANT GROUP LIMITED (SGX:5KI)
SOUTHERN PACKAGING GROUP LIMITED,SOUTHERN PACKAGING GROUP LTD (SGX:BQP)
SPACKMAN ENTERTAINMENT GROUP LIMITED,SPACKMAN ENTERTAINMENT GRP LTD (SGX:40E)
SPINDEX INDUSTRIES LIMITED,SPINDEX INDUSTRIES LIMITED (SGX:564)
ST GROUP FOOD INDUSTRIES HOLDINGS LIMITED,ST GROUP FOOD IND HLDG LIMITED (SGX:DRX)
STAMFORD LAND CORPORATION LTD,STAMFORD LAND CORPORATION LTD (SGX:H07)
STAMFORD TYRES CORPORATION LIMITED,STAMFORD TYRES CORPORATIONLTD (SGX:S29)
STAR PHARMACEUTICAL LIMITED,STAR PHARMACEUTICAL LIMITED (SGX:AYL)
STRACO CORPORATION LIMITED,STRACO CORPORATION LIMITED (SGX:S85)
SUNMOON FOOD COMPANY LIMITED,SUNMOON FOOD COMPANY LIMITED (SGX:AAJ)
SUNNINGDALE TECH LTD.,SUNNINGDALE TECH LTD (SGX:BHQ)
SUNPOWER GROUP LTD.,SUNPOWER GROUP LTD. (SGX:5GD)
SUNRISE SHARES HOLDINGS LTD.,SUNRISE SHARES HOLDINGS LTD. (SGX:581)
SUTL ENTERPRISE LIMITED,SUTL ENTERPRISE LIMITED (SGX:BHU)
SYNAGIE CORPORATION LTD.,SYNAGIE CORPORATION LTD. (SGX:V2Y)
SYSMA HOLDINGS LIMITED,SYSMA HOLDINGS LIMITED (SGX:5UO)
T T J HOLDINGS LIMITED,TTJ HOLDINGS LIMITED (SGX:K1Q)
TA CORPORATION LTD.,TA CORPORATION LTD (SGX:PA3)
TAKA JEWELLERY HOLDINGS LIMITED,TAKA JEWELLERY HOLDINGS LIMITED (SGX:42L)
TALKMED GROUP LIMITED,TALKMED GROUP LIMITED (SGX:5G3)
TAT SENG PACKAGING GROUP LTD,TAT SENG PACKAGING GROUP LTD (SGX:T12)
TECKWAH INDUSTRIAL CORPORATION LTD,TECKWAH INDUSTRIAL CORP LTD (SGX:561)
TEHO INTERNATIONAL INC LTD.,TEHO INTERNATIONAL INC LTD. (SGX:5OQ)
THAKRAL CORPORATION LTD,THAKRAL CORPORATION LTD (SGX:AWI)
THE PLACE HOLDINGS LIMITED,THE PLACE HOLDINGS LIMITED (SGX:E27)
THOMSON MEDICAL GROUP LIMITED,THOMSON MEDICAL GROUP LIMITED (SGX:A50)
TIANJIN ZHONG XIN PHARM GROUP,TIANJIN ZHONG XIN PHARM GROUP (SGX:T14)
TIONG SENG HOLDINGS LIMITED,TIONG SENG HOLDINGS LIMITED (SGX:BFI)
TIONG WOON CORPORATION HOLDING LTD,TIONG WOON CORP HOLDING LTD (SGX:BQM)
TLV HOLDINGS LIMITED,TLV HOLDINGS LIMITED (SGX:42L)
TOP GLOBAL LIMITED,TOP GLOBAL LIMITED (SGX:BHO)
TOSEI CORPORATION,TOSEI CORPORATION (SGX:S2D)
TOTM TECHNOLOGIES LIMITED,TOTM TECHNOLOGIES LIMITED (SGX:42F)
TRANSCORP HOLDINGS LIMITED,TRANSCORP HOLDINGS LIMITED (SGX:T19)
TRICKLESTAR LIMITED,TRICKLESTAR LIMITED (SGX:CYW)
TRITECH GROUP LIMITED,TRITECH GROUP LIMITED (SGX:5G9)
TSH CORPORATION LIMITED,TSH CORPORATION LIMITED (SGX:574)
TUNG LOK RESTAURANTS,TUNG LOK RESTAURANTS 2000 LTD (SGX:540)
UNI-ASIA GROUP LIMITED,UNI-ASIA HOLDINGS LIMITED (SGX:AYF)
UNION STEEL HOLDINGS LIMITED,UNION STEEL HOLDINGS LIMITED (SGX:BLA)
UNITED FOOD HOLDINGS LIMITED,UNITED FOOD HOLDINGS LIMITED (SGX:AZR)
UNITED INDUSTRIAL CORPORATION LIMITED,UNITED INDUSTRIAL CORP LTD (SGX:U06)
UNUSUAL LIMITED,UNUSUAL LIMITED (SGX:1D1)
UOL GROUP LIMITED,UOL GROUP LIMITED (SGX:U14)
V2Y CORPORATION LTD.,V2Y CORPORATION LTD. (SGX:V2Y)
VALLIANZ HOLDINGS LIMITED,VALLIANZ HOLDINGS LTD (SGX:WPC)
VALUEMAX GROUP LIMITED,VALUEMAX GROUP LIMITED (SGX:T6I)
VALUETRONICS HOLDINGS LIMITED,VALUETRONICS HOLDINGS LIMITED (SGX:BN2)
VASHION GROUP LTD.,VASHION GROUP LTD. (SGX:43J)
VCPLUS LIMITED,VCPLUS LIMITED (SGX:43E)
VENTURE CORPORATION LIMITED,VENTURE CORPORATION LIMITED (SGX:V03)
VERSALINK HOLDINGS LIMITED,VERSALINK HOLDINGS LIMITED (SGX:40N)
VIBRANT GROUP LIMITED,VIBRANT GROUP LIMITED (SGX:BIP)
VIBROPOWER CORPORATION LIMITED,VIBROPOWER CORPORATION LIMITED (SGX:BJD)
VICPLAS INTERNATIONAL LTD,VICPLAS INTERNATIONAL LTD (SGX:569)
VIKING OFFSHORE AND MARINE LIMITED,VIKING OFFSHORE & MARINE LTD (SGX:1Y1)
VIVA INDUSTRIAL TRUST MANAGEMENT PTE. LTD.,VIVA INDUSTRIAL TRUST (SGX:T8B)
VIVIDTHREE HOLDINGS LTD.,VIVIDTHREE HOLDINGS LTD. (SGX:OMK)
WEE HUR HOLDINGS LTD.,WEE HUR HOLDINGS LTD. (SGX:E3B)
WEIYE HOLDINGS LIMITED,WEIYE HOLDINGS LIMITED (SGX:BMA)
WILMAR INTERNATIONAL LIMITED,WILMAR INTERNATIONAL LIMITED (SGX:F34)
WILTON RESOURCES CORPORATION LIMITED,WILTON RESOURCES CORP LIMITED (SGX:5F7)
WORLD CLASS GLOBAL LIMITED,WORLD CLASS GLOBAL LIMITED (SGX:1E6)
WORLD PRECISION MACHINERY LIMITED,WORLD PRECISION MACHINERY LTD (SGX:B49)
XMH HOLDINGS LTD.,XMH HOLDINGS LTD. (SGX:BQF)
YAMADA GREEN RESOURCES LIMITED,YAMADA GREEN RESOURCES LIMITED (SGX:BJV)
YANGZIJIANG SHIPBUILDING,YANGZIJIANG SHIPBLDG HLDGS LTD (SGX:BS6)
YANLORD LAND GROUP LIMITED,YANLORD LAND GROUP LIMITED (SGX:Z25)
YHI INTERNATIONAL LIMITED,YHI INTERNATIONAL LIMITED (SGX:BPF)
YINDA INFOCOMM LIMITED,YINDA INFOCOMM LIMITED (SGX:42F)
YING LI INTERNATIONAL REAL ESTATE LIMITED,YING LI INTL REAL ESTATE LTD (SGX:5DM)
YOMA STRATEGIC HOLDINGS LTD.,YOMA STRATEGIC HOLDINGS LTD (SGX:Z59)
YONGMAO HOLDINGS LIMITED,YONGMAO HOLDINGS LIMITED (SGX:BKX)
YONGNAM HOLDINGS LIMITED,YONGNAM HOLDINGS LIMITED (SGX:AXB)
YORKSHINE HOLDINGS LIMITED,YORKSHINE HOLDINGS LIMITED (SGX:MR8)
YUUZOO NETWORKS GROUP CORPORATION,YUUZOO NETWORKS GROUP CORP (SGX:AFC)
